<kotlin>	00-kotlin.wasm
wasi_snapshot_preview1	01-host-memory-bridge.wasm
ktor_wasi	01-host-memory-bridge.wasm
<dev.brahmkshatriya.ktorwasi:ktor-sse>	02-dev.brahmkshatriya.ktorwasi_ktor-sse.wasm
<org.jetbrains.kotlinx:atomicfu>	03-org.jetbrains.kotlinx_atomicfu.wasm
<org.jetbrains.kotlinx:kotlinx-io-bytestring>	04-org.jetbrains.kotlinx_kotlinx-io-bytestring.wasm
<org.jetbrains.kotlinx:kotlinx-serialization-core>	05-org.jetbrains.kotlinx_kotlinx-serialization-core.wasm
<org.jetbrains.kotlinx:kotlinx-coroutines-core>	06-org.jetbrains.kotlinx_kotlinx-coroutines-core.wasm
<org.jetbrains.kotlinx:kotlinx-io-core>	07-org.jetbrains.kotlinx_kotlinx-io-core.wasm
<org.jetbrains.kotlinx:kotlinx-serialization-json>	08-org.jetbrains.kotlinx_kotlinx-serialization-json.wasm
<wasmtime-kmp.demo:shared>	09-wasmtime-kmp.demo_shared.wasm
<dev.brahmkshatriya.ktorwasi:ktor-io>	10-dev.brahmkshatriya.ktorwasi_ktor-io.wasm
<dev.brahmkshatriya.wasmtime:guest-runtime>	11-dev.brahmkshatriya.wasmtime_guest-runtime.wasm
<dev.brahmkshatriya.ktorwasi:ktor-utils>	12-dev.brahmkshatriya.ktorwasi_ktor-utils.wasm
<dev.brahmkshatriya.ktorwasi:ktor-events>	13-dev.brahmkshatriya.ktorwasi_ktor-events.wasm
<dev.brahmkshatriya.ktorwasi:ktor-http>	14-dev.brahmkshatriya.ktorwasi_ktor-http.wasm
<dev.brahmkshatriya.ktorwasi:ktor-websockets>	15-dev.brahmkshatriya.ktorwasi_ktor-websockets.wasm
<dev.brahmkshatriya.ktorwasi:ktor-http-cio>	16-dev.brahmkshatriya.ktorwasi_ktor-http-cio.wasm
<dev.brahmkshatriya.ktorwasi:ktor-serialization>	17-dev.brahmkshatriya.ktorwasi_ktor-serialization.wasm
<dev.brahmkshatriya.ktorwasi:ktor-websocket-serialization>	18-dev.brahmkshatriya.ktorwasi_ktor-websocket-serialization.wasm
<dev.brahmkshatriya.ktorwasi:ktor-client-core>	19-dev.brahmkshatriya.ktorwasi_ktor-client-core.wasm
<dev.brahmkshatriya.ktorwasi:ktor-client-wasi>	20-dev.brahmkshatriya.ktorwasi_ktor-client-wasi.wasm
